{"cameraMode":{"drawMode":0,"name":"Shaded","section":"Shading Mode"},"sceneLighting":true,"audioPlay":false,"sceneViewState":{"showFog":true,"showMaterialUpdate":false,"showSkybox":true,"showFlares":true,"showImageEffects":true,"showParticleSystems":true},"in2DMode":false,"pivot":{"x":0.46957090497016909,"y":3.531670331954956,"z":3.4901700019836427},"rotation":{"x":-0.011841712519526482,"y":-0.9424732327461243,"z":0.0097449766471982,"w":0.33395853638648989},"size":1.115795612335205,"orthographic":false}