{"cameraMode":{"drawMode":0,"name":"Shaded","section":"Shading Mode"},"sceneLighting":true,"audioPlay":false,"sceneViewState":{"showFog":true,"showMaterialUpdate":false,"showSkybox":true,"showFlares":true,"showImageEffects":true,"showParticleSystems":true},"in2DMode":false,"pivot":{"x":2.384185791015625e-7,"y":0.08088449388742447,"z":-1.7881393432617188e-7},"rotation":{"x":-0.002169528044760227,"y":0.9963495135307312,"z":-0.0811915397644043,"w":-0.026608001440763475},"size":1.7841194868087769,"orthographic":false}