{"cameraMode":{"drawMode":0,"name":"Shaded","section":"Shading Mode"},"sceneLighting":true,"audioPlay":false,"sceneViewState":{"showFog":true,"showMaterialUpdate":false,"showSkybox":true,"showFlares":true,"showImageEffects":true,"showParticleSystems":true},"in2DMode":false,"pivot":{"x":-109.49451446533203,"y":19.510393142700197,"z":-75.79073333740235},"rotation":{"x":-0.039573829621076587,"y":-0.8844608664512634,"z":-0.04443594068288803,"w":0.46285340189933779},"size":68.97653198242188,"orthographic":false}