{"cameraMode":{"drawMode":0,"name":"Shaded","section":"Shading Mode"},"sceneLighting":true,"audioPlay":false,"sceneViewState":{"showFog":true,"showMaterialUpdate":false,"showSkybox":true,"showFlares":true,"showImageEffects":true,"showParticleSystems":true},"in2DMode":false,"pivot":{"x":5.28424072265625,"y":11.970458984375,"z":-33.1015625},"rotation":{"x":-0.00044389814138412476,"y":-0.9977105259895325,"z":-0.005984680261462927,"w":0.06834635138511658},"size":8.947540283203125,"orthographic":true}