{"cameraMode":{"drawMode":0,"name":"Shaded","section":"Shading Mode"},"sceneLighting":true,"audioPlay":false,"sceneViewState":{"showFog":true,"showMaterialUpdate":false,"showSkybox":true,"showFlares":true,"showImageEffects":true,"showParticleSystems":true},"in2DMode":false,"pivot":{"x":6.273406982421875,"y":11.081390380859375,"z":-18.558284759521486},"rotation":{"x":-0.10591694712638855,"y":-0.883509635925293,"z":0.2416716068983078,"w":-0.3872673213481903},"size":19.208431243896486,"orthographic":true}