{"cameraMode":{"drawMode":0,"name":"Shaded","section":"Shading Mode"},"sceneLighting":true,"audioPlay":false,"sceneViewState":{"showFog":true,"showMaterialUpdate":false,"showSkybox":true,"showFlares":true,"showImageEffects":true,"showParticleSystems":true},"in2DMode":false,"pivot":{"x":-12.963058471679688,"y":1.9514036178588868,"z":-2.78989577293396},"rotation":{"x":-0.14764876663684846,"y":-0.36108946800231936,"z":0.058015771210193637,"w":-0.9189464449882507},"size":1.2247449159622193,"orthographic":false}