{"cameraMode":{"drawMode":0,"name":"Shaded","section":"Shading Mode"},"sceneLighting":true,"audioPlay":false,"sceneViewState":{"showFog":true,"showMaterialUpdate":false,"showSkybox":true,"showFlares":true,"showImageEffects":true,"showParticleSystems":true},"in2DMode":false,"pivot":{"x":-3.911182165145874,"y":1.0975723266601563,"z":-1.8821539878845215},"rotation":{"x":0.11903389543294907,"y":-0.5398980975151062,"z":0.0774606242775917,"w":0.8296642899513245},"size":4.143828868865967,"orthographic":true}