{"cameraMode":{"drawMode":0,"name":"Shaded","section":"Shading Mode"},"sceneLighting":true,"audioPlay":false,"sceneViewState":{"showFog":true,"showMaterialUpdate":false,"showSkybox":true,"showFlares":true,"showImageEffects":true,"showParticleSystems":true},"in2DMode":false,"pivot":{"x":0.550000011920929,"y":5.361562728881836,"z":-72.11180114746094},"rotation":{"x":0.004171354230493307,"y":-0.9961234927177429,"z":0.06432904303073883,"w":0.0625368058681488},"size":65.5719985961914,"orthographic":true}