{"cameraMode":{"drawMode":0,"name":"Shaded","section":"Shading Mode"},"sceneLighting":true,"audioPlay":false,"sceneViewState":{"showFog":true,"showMaterialUpdate":false,"showSkybox":true,"showFlares":true,"showImageEffects":true,"showParticleSystems":true},"in2DMode":false,"pivot":{"x":86.31922912597656,"y":323.5623779296875,"z":-175.93276977539063},"rotation":{"x":0.12120935320854187,"y":0.8849053978919983,"z":-0.24683332443237306,"w":0.37603142857551577},"size":157.24900817871095,"orthographic":false}