{"cameraMode":{"drawMode":0,"name":"Shaded","section":"Shading Mode"},"sceneLighting":false,"audioPlay":false,"sceneViewState":{"showFog":true,"showMaterialUpdate":false,"showSkybox":false,"showFlares":true,"showImageEffects":true,"showParticleSystems":true},"in2DMode":false,"pivot":{"x":6.273406982421875,"y":11.081390380859375,"z":-18.558284759521486},"rotation":{"x":-0.15430742502212525,"y":-0.257327675819397,"z":0.041637081652879718,"w":-0.9531161189079285},"size":8.009112358093262,"orthographic":true}