{"cameraMode":{"drawMode":0,"name":"Shaded","section":"Shading Mode"},"sceneLighting":true,"audioPlay":false,"sceneViewState":{"showFog":true,"showMaterialUpdate":false,"showSkybox":true,"showFlares":true,"showImageEffects":true,"showParticleSystems":true},"in2DMode":false,"pivot":{"x":-0.8505675196647644,"y":0.5087890625,"z":-10.3672456741333},"rotation":{"x":-0.09786803275346756,"y":0.8635477423667908,"z":-0.18405935168266297,"w":-0.45916926860809328},"size":6.4043378829956059,"orthographic":true}