{"cameraMode":{"drawMode":0,"name":"Shaded","section":"Shading Mode"},"sceneLighting":true,"audioPlay":false,"sceneViewState":{"showFog":true,"showMaterialUpdate":false,"showSkybox":true,"showFlares":true,"showImageEffects":true,"showParticleSystems":true},"in2DMode":false,"pivot":{"x":0.06553840637207031,"y":-0.17052555084228517,"z":-0.2825016975402832},"rotation":{"x":-0.11428252607584,"y":0.7097023725509644,"z":-0.11840133368968964,"w":-0.6850151419639587},"size":10.0,"orthographic":false}