{"cameraMode":{"drawMode":0,"name":"Shaded","section":"Shading Mode"},"sceneLighting":true,"audioPlay":false,"sceneViewState":{"showFog":true,"showMaterialUpdate":false,"showSkybox":true,"showFlares":true,"showImageEffects":true,"showParticleSystems":true},"in2DMode":false,"pivot":{"x":-1.5368951559066773,"y":3.1489667892456056,"z":-23.69944190979004},"rotation":{"x":-0.00029268808430060744,"y":0.9997053742408752,"z":-0.01980610191822052,"w":-0.014695961959660054},"size":16.973281860351564,"orthographic":false}